{
  "timestamp": "20251018_224800",
  "test_accuracy": 94.28571428571429,
  "classification_report": {
    "drone": {
      "precision": 0.9391891891891891,
      "recall": 0.9266666666666666,
      "f1-score": 0.9328859060402684,
      "support": 300.0
    },
    "unknown": {
      "precision": 0.9455445544554455,
      "recall": 0.955,
      "f1-score": 0.9502487562189055,
      "support": 400.0
    },
    "accuracy": 0.9428571428571428,
    "macro avg": {
      "precision": 0.9423668718223173,
      "recall": 0.9408333333333333,
      "f1-score": 0.9415673311295869,
      "support": 700.0
    },
    "weighted avg": {
      "precision": 0.9428208264841927,
      "recall": 0.9428571428571428,
      "f1-score": 0.9428075347137753,
      "support": 700.0
    }
  },
  "confusion_matrix": [
    [
      278,
      22
    ],
    [
      18,
      382
    ]
  ],
  "per_class": {
    "drone": {
      "precision": 0.9391891891891891,
      "recall": 0.9266666666666666,
      "f1": 0.9328859060402684,
      "support": 300
    },
    "unknown": {
      "precision": 0.9455445544554455,
      "recall": 0.955,
      "f1": 0.9502487562189055,
      "support": 400
    }
  },
  "macro": {
    "precision": 0.9423668718223173,
    "recall": 0.9408333333333333,
    "f1": 0.9415673311295869
  },
  "weighted": {
    "precision": 0.9428208264841927,
    "recall": 0.9428571428571428,
    "f1": 0.9428075347137753
  }
}