{
  "timestamp": "20251018_225513",
  "test_accuracy": 93.85714285714286,
  "classification_report": {
    "drone": {
      "precision": 0.9240924092409241,
      "recall": 0.9333333333333333,
      "f1-score": 0.9286898839137645,
      "support": 300.0
    },
    "unknown": {
      "precision": 0.9496221662468514,
      "recall": 0.9425,
      "f1-score": 0.946047678795483,
      "support": 400.0
    },
    "accuracy": 0.9385714285714286,
    "macro avg": {
      "precision": 0.9368572877438877,
      "recall": 0.9379166666666667,
      "f1-score": 0.9373687813546238,
      "support": 700.0
    },
    "weighted avg": {
      "precision": 0.9386808418157397,
      "recall": 0.9385714285714286,
      "f1-score": 0.9386086238461752,
      "support": 700.0
    }
  },
  "confusion_matrix": [
    [
      280,
      20
    ],
    [
      23,
      377
    ]
  ],
  "per_class": {
    "drone": {
      "precision": 0.9240924092409241,
      "recall": 0.9333333333333333,
      "f1": 0.9286898839137645,
      "support": 300
    },
    "unknown": {
      "precision": 0.9496221662468514,
      "recall": 0.9425,
      "f1": 0.946047678795483,
      "support": 400
    }
  },
  "macro": {
    "precision": 0.9368572877438877,
    "recall": 0.9379166666666667,
    "f1": 0.9373687813546238
  },
  "weighted": {
    "precision": 0.9386808418157397,
    "recall": 0.9385714285714286,
    "f1": 0.9386086238461752
  }
}