{
  "timestamp": "20251018_231322",
  "test_accuracy": 98.3741810240233,
  "classification_report": {
    "drone": {
      "precision": 0.9296296296296296,
      "recall": 0.8394648829431438,
      "f1-score": 0.8822495606326889,
      "support": 299.0
    },
    "unknown": {
      "precision": 0.9875357050116853,
      "recall": 0.9950287807430664,
      "f1-score": 0.991268082888049,
      "support": 3822.0
    },
    "accuracy": 0.983741810240233,
    "macro avg": {
      "precision": 0.9585826673206574,
      "recall": 0.9172468318431051,
      "f1-score": 0.936758821760369,
      "support": 4121.0
    },
    "weighted avg": {
      "precision": 0.9833343178388548,
      "recall": 0.983741810240233,
      "f1-score": 0.9833582216518557,
      "support": 4121.0
    }
  },
  "confusion_matrix": [
    [
      251,
      48
    ],
    [
      19,
      3803
    ]
  ],
  "per_class": {
    "drone": {
      "precision": 0.9296296296296296,
      "recall": 0.8394648829431438,
      "f1": 0.8822495606326889,
      "support": 299
    },
    "unknown": {
      "precision": 0.9875357050116853,
      "recall": 0.9950287807430664,
      "f1": 0.991268082888049,
      "support": 3822
    }
  },
  "macro": {
    "precision": 0.9585826673206574,
    "recall": 0.9172468318431051,
    "f1": 0.936758821760369
  },
  "weighted": {
    "precision": 0.9833343178388548,
    "recall": 0.983741810240233,
    "f1": 0.9833582216518557
  }
}