{
  "timestamp": "20251018_234714",
  "test_accuracy": 98.30138315942732,
  "classification_report": {
    "drone": {
      "precision": 0.9163636363636364,
      "recall": 0.842809364548495,
      "f1-score": 0.8780487804878049,
      "support": 299.0
    },
    "unknown": {
      "precision": 0.9877795111804473,
      "recall": 0.9939822082679226,
      "f1-score": 0.9908711528429839,
      "support": 3822.0
    },
    "accuracy": 0.9830138315942732,
    "macro avg": {
      "precision": 0.9520715737720418,
      "recall": 0.9183957864082088,
      "f1-score": 0.9344599666653943,
      "support": 4121.0
    },
    "weighted avg": {
      "precision": 0.9825979177394799,
      "recall": 0.9830138315942732,
      "f1-score": 0.9826853024828289,
      "support": 4121.0
    }
  },
  "confusion_matrix": [
    [
      252,
      47
    ],
    [
      23,
      3799
    ]
  ],
  "per_class": {
    "drone": {
      "precision": 0.9163636363636364,
      "recall": 0.842809364548495,
      "f1": 0.8780487804878049,
      "support": 299
    },
    "unknown": {
      "precision": 0.9877795111804473,
      "recall": 0.9939822082679226,
      "f1": 0.9908711528429839,
      "support": 3822
    }
  },
  "macro": {
    "precision": 0.9520715737720418,
    "recall": 0.9183957864082088,
    "f1": 0.9344599666653943
  },
  "weighted": {
    "precision": 0.9825979177394799,
    "recall": 0.9830138315942732,
    "f1": 0.9826853024828289
  }
}