{
  "timestamp": "20251019_002109",
  "test_accuracy": 98.15578743023538,
  "classification_report": {
    "drone": {
      "precision": 0.899641577060932,
      "recall": 0.8394648829431438,
      "f1-score": 0.8685121107266436,
      "support": 299.0
    },
    "unknown": {
      "precision": 0.9875065070275898,
      "recall": 0.9926739926739927,
      "f1-score": 0.9900835073068893,
      "support": 3822.0
    },
    "accuracy": 0.9815578743023538,
    "macro avg": {
      "precision": 0.9435740420442609,
      "recall": 0.9160694378085683,
      "f1-score": 0.9292978090167665,
      "support": 4121.0
    },
    "weighted avg": {
      "precision": 0.9811314490173906,
      "recall": 0.9815578743023538,
      "f1-score": 0.9812628697001207,
      "support": 4121.0
    }
  },
  "confusion_matrix": [
    [
      251,
      48
    ],
    [
      28,
      3794
    ]
  ],
  "per_class": {
    "drone": {
      "precision": 0.899641577060932,
      "recall": 0.8394648829431438,
      "f1": 0.8685121107266436,
      "support": 299
    },
    "unknown": {
      "precision": 0.9875065070275898,
      "recall": 0.9926739926739927,
      "f1": 0.9900835073068893,
      "support": 3822
    }
  },
  "macro": {
    "precision": 0.9435740420442609,
    "recall": 0.9160694378085683,
    "f1": 0.9292978090167665
  },
  "weighted": {
    "precision": 0.9811314490173906,
    "recall": 0.9815578743023538,
    "f1": 0.9812628697001207
  }
}