{
  "timestamp": "20251018_223646",
  "test_accuracy": 95.28571428571429,
  "classification_report": {
    "drone": {
      "precision": 0.9292604501607717,
      "recall": 0.9633333333333334,
      "f1-score": 0.9459901800327333,
      "support": 300.0
    },
    "unknown": {
      "precision": 0.9717223650385605,
      "recall": 0.945,
      "f1-score": 0.9581749049429658,
      "support": 400.0
    },
    "accuracy": 0.9528571428571428,
    "macro avg": {
      "precision": 0.9504914075996661,
      "recall": 0.9541666666666666,
      "f1-score": 0.9520825424878495,
      "support": 700.0
    },
    "weighted avg": {
      "precision": 0.9535244015195082,
      "recall": 0.9528571428571428,
      "f1-score": 0.9529528799814375,
      "support": 700.0
    }
  },
  "confusion_matrix": [
    [
      289,
      11
    ],
    [
      22,
      378
    ]
  ],
  "per_class": {
    "drone": {
      "precision": 0.9292604501607717,
      "recall": 0.9633333333333334,
      "f1": 0.9459901800327333,
      "support": 300
    },
    "unknown": {
      "precision": 0.9717223650385605,
      "recall": 0.945,
      "f1": 0.9581749049429658,
      "support": 400
    }
  },
  "macro": {
    "precision": 0.9504914075996661,
    "recall": 0.9541666666666666,
    "f1": 0.9520825424878495
  },
  "weighted": {
    "precision": 0.9535244015195082,
    "recall": 0.9528571428571428,
    "f1": 0.9529528799814375
  }
}